datetime,meter_reading,meter_name,stuck
12/14/2022 7:30,513905,multipurpose_bldg_main,0
12/14/2022 7:45,513908,multipurpose_bldg_main,0
12/14/2022 8:00,513911,multipurpose_bldg_main,0
12/14/2022 8:15,513912,multipurpose_bldg_main,0
12/14/2022 8:30,513913,multipurpose_bldg_main,0
12/14/2022 8:45,513914,multipurpose_bldg_main,0
12/14/2022 9:00,513916,multipurpose_bldg_main,0
12/14/2022 9:15,513917,multipurpose_bldg_main,0
12/14/2022 10:00,513923,multipurpose_bldg_main,0
12/14/2022 10:15,513927,multipurpose_bldg_main,0
12/14/2022 10:30,513930,multipurpose_bldg_main,0
12/14/2022 10:45,513932,multipurpose_bldg_main,0
12/14/2022 11:00,513935,multipurpose_bldg_main,0
12/14/2022 11:15,513938,multipurpose_bldg_main,0
12/14/2022 11:30,513942,multipurpose_bldg_main,0
12/14/2022 11:45,513946,multipurpose_bldg_main,0
12/14/2022 12:00,513950,multipurpose_bldg_main,0
12/14/2022 12:15,513954,multipurpose_bldg_main,0
12/14/2022 12:30,513957,multipurpose_bldg_main,0
12/14/2022 12:45,513960,multipurpose_bldg_main,0
12/14/2022 13:00,513963,multipurpose_bldg_main,0
12/14/2022 13:15,513967,multipurpose_bldg_main,0
12/14/2022 13:30,513970,multipurpose_bldg_main,0
12/14/2022 13:45,513974,multipurpose_bldg_main,0
12/14/2022 14:00,513977,multipurpose_bldg_main,0
12/14/2022 14:15,513983,multipurpose_bldg_main,0
12/14/2022 14:30,513987,multipurpose_bldg_main,0
12/14/2022 14:45,513991,multipurpose_bldg_main,0
12/14/2022 15:00,513995,multipurpose_bldg_main,0
12/14/2022 15:15,513999,multipurpose_bldg_main,0
12/14/2022 15:30,514003,multipurpose_bldg_main,0
12/14/2022 15:45,514005,multipurpose_bldg_main,0
12/14/2022 16:00,514008,multipurpose_bldg_main,0
12/14/2022 16:15,514010,multipurpose_bldg_main,0
12/14/2022 16:30,514012,multipurpose_bldg_main,0
12/14/2022 16:45,514014,multipurpose_bldg_main,0
12/14/2022 17:00,514016,multipurpose_bldg_main,0
12/14/2022 17:15,514018,multipurpose_bldg_main,0
12/14/2022 17:30,514021,multipurpose_bldg_main,0
12/14/2022 17:45,514025,multipurpose_bldg_main,0
12/14/2022 18:00,514028,multipurpose_bldg_main,0
12/14/2022 18:15,514031,multipurpose_bldg_main,0
12/14/2022 18:30,514034,multipurpose_bldg_main,0
12/14/2022 18:45,514037,multipurpose_bldg_main,0
12/14/2022 19:00,514039,multipurpose_bldg_main,0
12/14/2022 19:15,514042,multipurpose_bldg_main,0
12/14/2022 19:30,514045,multipurpose_bldg_main,0
12/14/2022 19:45,514047,multipurpose_bldg_main,0
12/14/2022 20:00,514049,multipurpose_bldg_main,0
12/14/2022 20:15,514051,multipurpose_bldg_main,0
12/14/2022 20:30,514052,multipurpose_bldg_main,0
12/14/2022 20:45,514054,multipurpose_bldg_main,0
12/14/2022 21:00,514055,multipurpose_bldg_main,0
12/14/2022 21:15,514056,multipurpose_bldg_main,0
12/14/2022 21:30,514057,multipurpose_bldg_main,0
12/14/2022 21:45,514058,multipurpose_bldg_main,0
12/14/2022 22:00,514060,multipurpose_bldg_main,0
12/14/2022 22:15,514061,multipurpose_bldg_main,0
12/14/2022 22:45,514062,multipurpose_bldg_main,0
12/14/2022 23:00,514064,multipurpose_bldg_main,0
12/14/2022 23:15,514066,multipurpose_bldg_main,0
12/14/2022 23:30,514067,multipurpose_bldg_main,0
12/14/2022 23:45,514069,multipurpose_bldg_main,0
12/15/2022 0:00,514070,multipurpose_bldg_main,0
12/15/2022 0:15,514071,multipurpose_bldg_main,0
12/15/2022 0:30,514072,multipurpose_bldg_main,0
12/15/2022 0:45,514073,multipurpose_bldg_main,0
12/15/2022 1:00,514074,multipurpose_bldg_main,0
12/15/2022 1:15,514075,multipurpose_bldg_main,0
12/15/2022 1:30,514076,multipurpose_bldg_main,0
12/15/2022 1:45,514077,multipurpose_bldg_main,0
12/15/2022 2:00,514078,multipurpose_bldg_main,0
12/15/2022 2:15,514079,multipurpose_bldg_main,0
12/15/2022 2:30,514081,multipurpose_bldg_main,0
12/15/2022 2:45,514082,multipurpose_bldg_main,0
12/15/2022 3:00,514083,multipurpose_bldg_main,0
12/15/2022 3:15,514084,multipurpose_bldg_main,0
12/15/2022 3:30,514085,multipurpose_bldg_main,0
12/15/2022 3:45,514086,multipurpose_bldg_main,0
12/15/2022 4:00,514088,multipurpose_bldg_main,0
12/15/2022 4:30,514089,multipurpose_bldg_main,0
12/15/2022 4:45,514090,multipurpose_bldg_main,0
12/15/2022 5:00,514091,multipurpose_bldg_main,0
12/15/2022 5:15,514093,multipurpose_bldg_main,0
12/15/2022 5:30,514094,multipurpose_bldg_main,0
12/15/2022 5:45,514095,multipurpose_bldg_main,0
12/15/2022 6:00,514096,multipurpose_bldg_main,0
12/15/2022 6:15,514097,multipurpose_bldg_main,0
12/15/2022 6:30,514098,multipurpose_bldg_main,0
12/15/2022 6:45,514099,multipurpose_bldg_main,0
12/15/2022 7:00,514101,multipurpose_bldg_main,0
12/15/2022 7:15,514103,multipurpose_bldg_main,0
12/15/2022 7:30,514105,multipurpose_bldg_main,0
12/15/2022 7:45,514107,multipurpose_bldg_main,0
12/15/2022 8:00,514109,multipurpose_bldg_main,0
12/15/2022 8:15,514111,multipurpose_bldg_main,0
12/15/2022 8:30,514112,multipurpose_bldg_main,0
12/15/2022 8:45,514114,multipurpose_bldg_main,0
12/15/2022 9:00,514116,multipurpose_bldg_main,0
12/15/2022 9:15,514118,multipurpose_bldg_main,0
12/15/2022 9:30,514119,multipurpose_bldg_main,0
12/15/2022 9:45,514121,multipurpose_bldg_main,0
12/15/2022 10:00,514123,multipurpose_bldg_main,0
12/15/2022 10:15,514126,multipurpose_bldg_main,0
12/15/2022 10:30,514127,multipurpose_bldg_main,0
12/15/2022 10:45,514130,multipurpose_bldg_main,0
12/15/2022 11:00,514132,multipurpose_bldg_main,0
12/15/2022 11:15,514134,multipurpose_bldg_main,0
12/15/2022 11:30,514137,multipurpose_bldg_main,0
12/15/2022 11:45,514141,multipurpose_bldg_main,0
12/15/2022 12:00,514145,multipurpose_bldg_main,0
12/15/2022 12:45,514155,multipurpose_bldg_main,0
12/15/2022 13:00,514159,multipurpose_bldg_main,0
12/15/2022 13:15,514162,multipurpose_bldg_main,0
12/15/2022 13:30,514166,multipurpose_bldg_main,0
12/15/2022 13:45,514169,multipurpose_bldg_main,0
12/15/2022 14:00,514173,multipurpose_bldg_main,0
12/15/2022 14:15,514176,multipurpose_bldg_main,0
12/15/2022 14:30,514179,multipurpose_bldg_main,0
12/15/2022 14:45,514182,multipurpose_bldg_main,0
12/15/2022 15:00,514186,multipurpose_bldg_main,0
12/15/2022 15:15,514190,multipurpose_bldg_main,0
12/15/2022 15:30,514194,multipurpose_bldg_main,0
12/15/2022 15:45,514196,multipurpose_bldg_main,0
12/15/2022 16:00,514200,multipurpose_bldg_main,0
12/15/2022 16:15,514203,multipurpose_bldg_main,0
12/15/2022 16:30,514206,multipurpose_bldg_main,0
12/15/2022 16:45,514208,multipurpose_bldg_main,0
12/15/2022 17:00,514211,multipurpose_bldg_main,0
12/15/2022 17:15,514213,multipurpose_bldg_main,0
12/15/2022 17:30,514215,multipurpose_bldg_main,0
12/15/2022 17:45,514217,multipurpose_bldg_main,0
12/15/2022 18:00,514220,multipurpose_bldg_main,0
12/15/2022 18:15,514222,multipurpose_bldg_main,0
12/15/2022 18:30,514224,multipurpose_bldg_main,0
12/15/2022 18:45,514225,multipurpose_bldg_main,0
12/15/2022 19:00,514228,multipurpose_bldg_main,0
12/15/2022 19:15,514230,multipurpose_bldg_main,0
12/15/2022 19:30,514233,multipurpose_bldg_main,0
12/15/2022 19:45,514234,multipurpose_bldg_main,0
12/15/2022 20:00,514236,multipurpose_bldg_main,0
12/15/2022 20:15,514238,multipurpose_bldg_main,0
12/15/2022 20:30,514240,multipurpose_bldg_main,0
12/15/2022 20:45,514241,multipurpose_bldg_main,0
12/15/2022 21:00,514242,multipurpose_bldg_main,0
12/15/2022 21:15,514244,multipurpose_bldg_main,0
12/15/2022 21:30,514245,multipurpose_bldg_main,0
12/15/2022 21:45,514247,multipurpose_bldg_main,0
12/15/2022 22:00,514248,multipurpose_bldg_main,0
12/15/2022 22:15,514249,multipurpose_bldg_main,0
12/15/2022 22:30,514250,multipurpose_bldg_main,0
12/15/2022 22:45,514251,multipurpose_bldg_main,0
12/15/2022 23:00,514252,multipurpose_bldg_main,0
12/15/2022 23:15,514254,multipurpose_bldg_main,0
12/15/2022 23:30,514256,multipurpose_bldg_main,0
12/15/2022 23:45,514257,multipurpose_bldg_main,0
12/16/2022 0:00,514259,multipurpose_bldg_main,0
12/16/2022 0:30,514260,multipurpose_bldg_main,0
12/16/2022 0:45,514262,multipurpose_bldg_main,0
12/16/2022 1:00,514263,multipurpose_bldg_main,0
12/16/2022 1:30,514264,multipurpose_bldg_main,0
12/16/2022 1:45,514266,multipurpose_bldg_main,0
12/16/2022 2:00,514267,multipurpose_bldg_main,0
12/16/2022 2:15,514269,multipurpose_bldg_main,0
12/16/2022 2:30,514270,multipurpose_bldg_main,0
12/16/2022 2:45,514271,multipurpose_bldg_main,0
12/16/2022 3:00,514272,multipurpose_bldg_main,0
12/16/2022 3:15,514273,multipurpose_bldg_main,0
12/16/2022 3:30,514274,multipurpose_bldg_main,0
12/16/2022 3:45,514275,multipurpose_bldg_main,0
12/16/2022 4:00,514276,multipurpose_bldg_main,0
12/16/2022 4:15,514277,multipurpose_bldg_main,0
12/16/2022 4:30,514278,multipurpose_bldg_main,0
12/16/2022 4:45,514279,multipurpose_bldg_main,0
12/16/2022 5:00,514280,multipurpose_bldg_main,0
12/16/2022 5:15,514281,multipurpose_bldg_main,0
12/16/2022 5:30,514282,multipurpose_bldg_main,0
12/16/2022 5:45,514284,multipurpose_bldg_main,0
12/16/2022 6:00,514285,multipurpose_bldg_main,0
12/16/2022 6:15,514286,multipurpose_bldg_main,0
12/16/2022 6:30,514287,multipurpose_bldg_main,0
12/16/2022 6:45,514288,multipurpose_bldg_main,0
12/16/2022 7:00,514291,multipurpose_bldg_main,0
12/16/2022 7:15,514292,multipurpose_bldg_main,0
12/16/2022 7:30,514294,multipurpose_bldg_main,0
12/16/2022 7:45,514296,multipurpose_bldg_main,0
12/16/2022 8:00,514299,multipurpose_bldg_main,0
12/16/2022 8:15,514301,multipurpose_bldg_main,0
12/16/2022 8:30,514302,multipurpose_bldg_main,0
12/16/2022 8:45,514304,multipurpose_bldg_main,0
12/16/2022 9:00,514305,multipurpose_bldg_main,0
12/16/2022 9:15,514307,multipurpose_bldg_main,0
12/16/2022 9:30,514308,multipurpose_bldg_main,0
12/16/2022 9:45,514310,multipurpose_bldg_main,0
12/16/2022 10:00,514311,multipurpose_bldg_main,0
12/16/2022 10:15,514313,multipurpose_bldg_main,0
12/16/2022 10:30,514314,multipurpose_bldg_main,0
12/16/2022 10:45,514317,multipurpose_bldg_main,0
12/16/2022 11:00,514320,multipurpose_bldg_main,0
12/16/2022 11:15,514322,multipurpose_bldg_main,0
12/16/2022 11:30,514326,multipurpose_bldg_main,0
12/16/2022 11:45,514329,multipurpose_bldg_main,0
12/16/2022 12:00,514333,multipurpose_bldg_main,0
12/16/2022 12:15,514337,multipurpose_bldg_main,0
12/16/2022 12:30,514340,multipurpose_bldg_main,0
12/16/2022 12:45,514342,multipurpose_bldg_main,0
12/16/2022 13:00,514346,multipurpose_bldg_main,0
12/16/2022 13:15,514348,multipurpose_bldg_main,0
12/16/2022 13:30,514352,multipurpose_bldg_main,0
12/16/2022 13:45,514356,multipurpose_bldg_main,0
12/16/2022 14:00,514360,multipurpose_bldg_main,0
12/16/2022 14:15,514364,multipurpose_bldg_main,0
12/16/2022 14:30,514368,multipurpose_bldg_main,0
12/16/2022 14:45,514371,multipurpose_bldg_main,0
12/16/2022 15:45,514382,multipurpose_bldg_main,0
12/16/2022 16:00,514385,multipurpose_bldg_main,0
12/16/2022 16:15,514387,multipurpose_bldg_main,0
12/16/2022 16:30,514389,multipurpose_bldg_main,0
12/16/2022 16:45,514391,multipurpose_bldg_main,0
12/16/2022 17:00,514393,multipurpose_bldg_main,0
12/16/2022 17:15,514396,multipurpose_bldg_main,0
12/16/2022 17:30,514399,multipurpose_bldg_main,0
12/16/2022 17:45,514401,multipurpose_bldg_main,0
12/16/2022 18:00,514404,multipurpose_bldg_main,0
12/16/2022 18:15,514405,multipurpose_bldg_main,0
12/16/2022 18:30,514407,multipurpose_bldg_main,0
12/16/2022 18:45,514408,multipurpose_bldg_main,0
12/16/2022 19:00,514410,multipurpose_bldg_main,0
12/16/2022 19:15,514411,multipurpose_bldg_main,0
12/16/2022 19:30,514413,multipurpose_bldg_main,0
12/16/2022 19:45,514416,multipurpose_bldg_main,0
12/16/2022 20:00,514417,multipurpose_bldg_main,0
12/16/2022 20:15,514420,multipurpose_bldg_main,0
12/16/2022 20:30,514423,multipurpose_bldg_main,0
12/16/2022 20:45,514425,multipurpose_bldg_main,0
12/16/2022 21:00,514427,multipurpose_bldg_main,0
12/16/2022 21:15,514430,multipurpose_bldg_main,0
12/16/2022 21:30,514432,multipurpose_bldg_main,0
12/16/2022 21:45,514434,multipurpose_bldg_main,0
12/16/2022 22:00,514436,multipurpose_bldg_main,0
12/16/2022 22:15,514437,multipurpose_bldg_main,0
12/16/2022 22:30,514438,multipurpose_bldg_main,0
12/16/2022 22:45,514439,multipurpose_bldg_main,0
12/16/2022 23:00,514440,multipurpose_bldg_main,0
12/16/2022 23:15,514441,multipurpose_bldg_main,0
12/16/2022 23:30,514443,multipurpose_bldg_main,0
12/16/2022 23:45,514444,multipurpose_bldg_main,0
12/17/2022 0:00,514445,multipurpose_bldg_main,0
12/17/2022 0:15,514446,multipurpose_bldg_main,0
12/17/2022 0:30,514447,multipurpose_bldg_main,0
12/17/2022 0:45,514448,multipurpose_bldg_main,0
12/17/2022 1:00,514449,multipurpose_bldg_main,0
12/17/2022 1:15,514450,multipurpose_bldg_main,0
12/17/2022 1:30,514451,multipurpose_bldg_main,0
12/17/2022 1:45,514452,multipurpose_bldg_main,0
12/17/2022 2:00,514453,multipurpose_bldg_main,0
12/17/2022 2:15,514455,multipurpose_bldg_main,0
12/17/2022 2:30,514456,multipurpose_bldg_main,0
12/17/2022 2:45,514457,multipurpose_bldg_main,0
12/17/2022 3:00,514458,multipurpose_bldg_main,0
12/17/2022 3:15,514459,multipurpose_bldg_main,0
12/17/2022 3:30,514460,multipurpose_bldg_main,0
12/17/2022 3:45,514461,multipurpose_bldg_main,0
12/17/2022 4:00,514462,multipurpose_bldg_main,0
12/17/2022 4:15,514463,multipurpose_bldg_main,0
12/17/2022 4:30,514464,multipurpose_bldg_main,0
12/17/2022 4:45,514465,multipurpose_bldg_main,0
12/17/2022 5:00,514466,multipurpose_bldg_main,0
12/17/2022 5:15,514467,multipurpose_bldg_main,0
12/17/2022 5:30,514468,multipurpose_bldg_main,0
12/17/2022 5:45,514469,multipurpose_bldg_main,0
12/17/2022 6:00,514471,multipurpose_bldg_main,0
12/17/2022 6:15,514472,multipurpose_bldg_main,0
12/17/2022 6:30,514473,multipurpose_bldg_main,0
12/17/2022 6:45,514474,multipurpose_bldg_main,0
12/17/2022 7:00,514476,multipurpose_bldg_main,0
12/17/2022 7:15,514477,multipurpose_bldg_main,0
12/17/2022 7:30,514478,multipurpose_bldg_main,0
12/17/2022 8:00,514479,multipurpose_bldg_main,0
12/17/2022 8:15,514481,multipurpose_bldg_main,0
12/17/2022 8:30,514482,multipurpose_bldg_main,0
12/17/2022 8:45,514483,multipurpose_bldg_main,0
12/17/2022 9:00,514485,multipurpose_bldg_main,0
12/17/2022 9:15,514486,multipurpose_bldg_main,0
12/17/2022 9:45,514487,multipurpose_bldg_main,0
12/17/2022 10:00,514489,multipurpose_bldg_main,0
12/17/2022 10:15,514492,multipurpose_bldg_main,0
12/17/2022 10:30,514495,multipurpose_bldg_main,0
12/17/2022 10:45,514497,multipurpose_bldg_main,0
12/17/2022 11:00,514499,multipurpose_bldg_main,0
12/17/2022 11:15,514501,multipurpose_bldg_main,0
12/17/2022 11:30,514503,multipurpose_bldg_main,0
12/17/2022 11:45,514506,multipurpose_bldg_main,0
12/17/2022 12:00,514509,multipurpose_bldg_main,0
12/17/2022 12:15,514511,multipurpose_bldg_main,0
12/17/2022 12:30,514513,multipurpose_bldg_main,0
12/17/2022 12:45,514515,multipurpose_bldg_main,0
12/17/2022 13:00,514518,multipurpose_bldg_main,0
12/17/2022 13:15,514520,multipurpose_bldg_main,0
12/17/2022 13:30,514523,multipurpose_bldg_main,0
12/17/2022 13:45,514525,multipurpose_bldg_main,0
12/17/2022 14:00,514526,multipurpose_bldg_main,0
12/17/2022 14:15,514527,multipurpose_bldg_main,0
12/17/2022 14:30,514529,multipurpose_bldg_main,0
12/17/2022 14:45,514531,multipurpose_bldg_main,0
12/17/2022 15:15,514534,multipurpose_bldg_main,0
12/17/2022 15:30,514536,multipurpose_bldg_main,0
12/17/2022 15:45,514537,multipurpose_bldg_main,0
12/17/2022 16:00,514539,multipurpose_bldg_main,0
12/17/2022 16:15,514541,multipurpose_bldg_main,0
12/17/2022 16:30,514542,multipurpose_bldg_main,0
12/17/2022 16:45,514543,multipurpose_bldg_main,0
12/17/2022 17:00,514546,multipurpose_bldg_main,0
12/17/2022 17:15,514548,multipurpose_bldg_main,0
12/17/2022 17:30,514551,multipurpose_bldg_main,0
12/17/2022 18:30,514558,multipurpose_bldg_main,0
12/17/2022 18:45,514560,multipurpose_bldg_main,0
12/17/2022 19:00,514561,multipurpose_bldg_main,0
12/17/2022 19:15,514563,multipurpose_bldg_main,0
12/17/2022 19:30,514564,multipurpose_bldg_main,0
12/17/2022 19:45,514565,multipurpose_bldg_main,0
12/17/2022 20:00,514567,multipurpose_bldg_main,0
12/17/2022 20:15,514569,multipurpose_bldg_main,0
12/17/2022 20:30,514572,multipurpose_bldg_main,0
12/17/2022 20:45,514574,multipurpose_bldg_main,0
12/17/2022 21:00,514577,multipurpose_bldg_main,0
12/17/2022 21:15,514579,multipurpose_bldg_main,0
12/17/2022 21:30,514581,multipurpose_bldg_main,0
12/17/2022 21:45,514584,multipurpose_bldg_main,0
12/17/2022 22:00,514586,multipurpose_bldg_main,0
12/17/2022 22:15,514587,multipurpose_bldg_main,0
12/17/2022 22:30,514589,multipurpose_bldg_main,0
12/17/2022 22:45,514591,multipurpose_bldg_main,0
12/17/2022 23:00,514593,multipurpose_bldg_main,0
12/17/2022 23:15,514595,multipurpose_bldg_main,0
12/17/2022 23:30,514596,multipurpose_bldg_main,0
12/17/2022 23:45,514598,multipurpose_bldg_main,0
12/18/2022 0:00,514599,multipurpose_bldg_main,0
12/18/2022 0:15,514600,multipurpose_bldg_main,0
12/18/2022 0:30,514601,multipurpose_bldg_main,0
12/18/2022 0:45,514603,multipurpose_bldg_main,0
12/18/2022 1:15,514604,multipurpose_bldg_main,0
12/18/2022 1:30,514605,multipurpose_bldg_main,0
12/18/2022 1:45,514607,multipurpose_bldg_main,0
12/18/2022 2:00,514608,multipurpose_bldg_main,0
12/18/2022 2:15,514610,multipurpose_bldg_main,0
12/18/2022 2:30,514611,multipurpose_bldg_main,0
12/18/2022 2:45,514612,multipurpose_bldg_main,0
12/18/2022 3:00,514614,multipurpose_bldg_main,0
12/18/2022 3:15,514615,multipurpose_bldg_main,0
12/18/2022 3:30,514616,multipurpose_bldg_main,0
12/18/2022 3:45,514617,multipurpose_bldg_main,0
12/18/2022 4:00,514618,multipurpose_bldg_main,0
12/18/2022 4:15,514619,multipurpose_bldg_main,0
12/18/2022 4:30,514620,multipurpose_bldg_main,0
12/18/2022 4:45,514621,multipurpose_bldg_main,0
12/18/2022 5:00,514622,multipurpose_bldg_main,0
12/18/2022 5:15,514623,multipurpose_bldg_main,0
12/18/2022 5:30,514625,multipurpose_bldg_main,0
12/18/2022 5:45,514627,multipurpose_bldg_main,0
12/18/2022 6:00,514628,multipurpose_bldg_main,0
12/18/2022 6:15,514629,multipurpose_bldg_main,0
12/18/2022 6:30,514630,multipurpose_bldg_main,0
12/18/2022 6:45,514631,multipurpose_bldg_main,0
12/18/2022 7:00,514633,multipurpose_bldg_main,0
12/18/2022 7:15,514634,multipurpose_bldg_main,0
12/18/2022 7:30,514635,multipurpose_bldg_main,0
12/18/2022 7:45,514636,multipurpose_bldg_main,0
12/18/2022 8:00,514638,multipurpose_bldg_main,0
12/18/2022 8:15,514639,multipurpose_bldg_main,0
12/18/2022 8:30,514640,multipurpose_bldg_main,0
12/18/2022 8:45,514641,multipurpose_bldg_main,0
12/18/2022 9:00,514644,multipurpose_bldg_main,0
12/18/2022 9:15,514647,multipurpose_bldg_main,0
12/18/2022 9:30,514650,multipurpose_bldg_main,0
12/18/2022 9:45,514652,multipurpose_bldg_main,0
12/18/2022 10:00,514655,multipurpose_bldg_main,0
12/18/2022 10:15,514658,multipurpose_bldg_main,0
12/18/2022 10:30,514661,multipurpose_bldg_main,0
12/18/2022 10:45,514663,multipurpose_bldg_main,0
12/18/2022 11:00,514664,multipurpose_bldg_main,0
12/18/2022 11:15,514665,multipurpose_bldg_main,0
12/18/2022 11:30,514666,multipurpose_bldg_main,0
12/18/2022 11:45,514668,multipurpose_bldg_main,0
12/18/2022 12:00,514669,multipurpose_bldg_main,0
12/18/2022 12:15,514670,multipurpose_bldg_main,0
12/18/2022 12:30,514671,multipurpose_bldg_main,0
12/18/2022 12:45,514672,multipurpose_bldg_main,0
12/18/2022 13:00,514673,multipurpose_bldg_main,0
12/18/2022 13:30,514674,multipurpose_bldg_main,0
12/18/2022 13:45,514676,multipurpose_bldg_main,0
12/18/2022 14:00,514678,multipurpose_bldg_main,0
12/18/2022 14:15,514679,multipurpose_bldg_main,0
12/18/2022 14:30,514680,multipurpose_bldg_main,0
12/18/2022 14:45,514681,multipurpose_bldg_main,0
12/18/2022 15:00,514682,multipurpose_bldg_main,0
12/18/2022 15:15,514683,multipurpose_bldg_main,0
12/18/2022 15:30,514684,multipurpose_bldg_main,0
12/18/2022 15:45,514685,multipurpose_bldg_main,0
12/18/2022 16:00,514686,multipurpose_bldg_main,0
12/18/2022 16:15,514687,multipurpose_bldg_main,0
12/18/2022 16:45,514689,multipurpose_bldg_main,0
12/18/2022 17:00,514690,multipurpose_bldg_main,0
12/18/2022 17:15,514691,multipurpose_bldg_main,0
12/18/2022 17:30,514693,multipurpose_bldg_main,0
12/18/2022 17:45,514694,multipurpose_bldg_main,0
12/18/2022 18:00,514695,multipurpose_bldg_main,0
12/18/2022 18:15,514696,multipurpose_bldg_main,0
12/18/2022 18:30,514697,multipurpose_bldg_main,0
12/18/2022 18:45,514699,multipurpose_bldg_main,0
12/18/2022 19:00,514700,multipurpose_bldg_main,0
12/18/2022 19:15,514702,multipurpose_bldg_main,0
12/18/2022 19:30,514704,multipurpose_bldg_main,0
12/18/2022 19:45,514707,multipurpose_bldg_main,0
12/18/2022 20:00,514709,multipurpose_bldg_main,0
12/18/2022 20:15,514710,multipurpose_bldg_main,0
12/18/2022 22:00,514721,multipurpose_bldg_main,0
12/18/2022 22:15,514723,multipurpose_bldg_main,0
12/18/2022 22:45,514724,multipurpose_bldg_main,0
12/18/2022 23:00,514726,multipurpose_bldg_main,0
12/18/2022 23:15,514727,multipurpose_bldg_main,0
12/18/2022 23:30,514728,multipurpose_bldg_main,0
12/18/2022 23:45,514729,multipurpose_bldg_main,0
12/19/2022 0:00,514730,multipurpose_bldg_main,0
12/19/2022 0:15,514732,multipurpose_bldg_main,0
12/19/2022 0:45,514733,multipurpose_bldg_main,0
12/19/2022 1:00,514734,multipurpose_bldg_main,0
12/19/2022 1:15,514735,multipurpose_bldg_main,0
12/19/2022 1:30,514736,multipurpose_bldg_main,0
12/19/2022 1:45,514738,multipurpose_bldg_main,0
12/19/2022 2:00,514739,multipurpose_bldg_main,0
12/19/2022 2:15,514740,multipurpose_bldg_main,0
12/19/2022 2:30,514741,multipurpose_bldg_main,0
12/19/2022 2:45,514742,multipurpose_bldg_main,0
12/19/2022 3:15,514743,multipurpose_bldg_main,0
12/19/2022 3:30,514744,multipurpose_bldg_main,0
12/19/2022 3:45,514746,multipurpose_bldg_main,0
12/19/2022 4:00,514747,multipurpose_bldg_main,0
12/19/2022 4:15,514748,multipurpose_bldg_main,0
12/19/2022 4:30,514749,multipurpose_bldg_main,0
12/19/2022 4:45,514750,multipurpose_bldg_main,0
12/19/2022 5:00,514752,multipurpose_bldg_main,0
12/19/2022 5:15,514753,multipurpose_bldg_main,0
12/19/2022 5:30,514754,multipurpose_bldg_main,0
12/19/2022 5:45,514755,multipurpose_bldg_main,0
12/19/2022 6:00,514756,multipurpose_bldg_main,0
12/19/2022 6:15,514757,multipurpose_bldg_main,0
12/19/2022 6:45,514758,multipurpose_bldg_main,0
12/19/2022 7:00,514761,multipurpose_bldg_main,0
12/19/2022 7:15,514762,multipurpose_bldg_main,0
12/19/2022 7:30,514763,multipurpose_bldg_main,0
12/19/2022 7:45,514764,multipurpose_bldg_main,0
12/19/2022 8:00,514766,multipurpose_bldg_main,0
12/19/2022 8:15,514769,multipurpose_bldg_main,0
12/19/2022 8:30,514771,multipurpose_bldg_main,0
12/19/2022 8:45,514773,multipurpose_bldg_main,0
12/19/2022 9:00,514776,multipurpose_bldg_main,0
12/19/2022 9:15,514778,multipurpose_bldg_main,0
12/19/2022 9:30,514781,multipurpose_bldg_main,0
12/19/2022 9:45,514783,multipurpose_bldg_main,0
12/19/2022 10:00,514785,multipurpose_bldg_main,0
12/19/2022 10:15,514788,multipurpose_bldg_main,0
12/19/2022 10:30,514790,multipurpose_bldg_main,0
12/19/2022 10:45,514792,multipurpose_bldg_main,0
12/19/2022 11:00,514794,multipurpose_bldg_main,0
12/19/2022 11:15,514796,multipurpose_bldg_main,0
12/19/2022 11:30,514799,multipurpose_bldg_main,0
12/19/2022 11:45,514801,multipurpose_bldg_main,0
12/19/2022 12:00,514803,multipurpose_bldg_main,0
12/19/2022 12:15,514806,multipurpose_bldg_main,0
12/19/2022 12:30,514808,multipurpose_bldg_main,0
12/19/2022 12:45,514811,multipurpose_bldg_main,0
12/19/2022 13:00,514813,multipurpose_bldg_main,0
12/19/2022 13:15,514815,multipurpose_bldg_main,0
12/19/2022 13:30,514817,multipurpose_bldg_main,0
12/19/2022 13:45,514820,multipurpose_bldg_main,0
12/19/2022 14:00,514823,multipurpose_bldg_main,0
12/19/2022 14:15,514826,multipurpose_bldg_main,0
12/19/2022 14:30,514828,multipurpose_bldg_main,0
12/19/2022 14:45,514830,multipurpose_bldg_main,0
12/19/2022 15:00,514832,multipurpose_bldg_main,0
12/19/2022 15:15,514834,multipurpose_bldg_main,0
12/19/2022 15:30,514837,multipurpose_bldg_main,0
12/19/2022 15:45,514838,multipurpose_bldg_main,0
12/19/2022 16:00,514840,multipurpose_bldg_main,0
12/19/2022 16:15,514843,multipurpose_bldg_main,0
12/19/2022 16:30,514845,multipurpose_bldg_main,0
12/19/2022 16:45,514847,multipurpose_bldg_main,0
12/19/2022 17:00,514848,multipurpose_bldg_main,0
12/19/2022 17:15,514850,multipurpose_bldg_main,0
12/19/2022 17:30,514852,multipurpose_bldg_main,0
12/19/2022 17:45,514854,multipurpose_bldg_main,0
12/19/2022 18:00,514856,multipurpose_bldg_main,0
12/19/2022 18:15,514857,multipurpose_bldg_main,0
12/19/2022 18:30,514859,multipurpose_bldg_main,0
12/19/2022 18:45,514861,multipurpose_bldg_main,0
12/19/2022 19:00,514863,multipurpose_bldg_main,0
12/19/2022 19:15,514864,multipurpose_bldg_main,0
12/19/2022 19:30,514866,multipurpose_bldg_main,0
12/19/2022 19:45,514867,multipurpose_bldg_main,0
12/19/2022 20:00,514868,multipurpose_bldg_main,0
12/19/2022 20:15,514870,multipurpose_bldg_main,0
12/19/2022 20:30,514871,multipurpose_bldg_main,0
12/19/2022 20:45,514872,multipurpose_bldg_main,0
12/19/2022 21:15,514873,multipurpose_bldg_main,0
12/19/2022 21:30,514874,multipurpose_bldg_main,0
12/19/2022 21:45,514875,multipurpose_bldg_main,0
12/19/2022 22:00,514876,multipurpose_bldg_main,0
12/19/2022 22:15,514877,multipurpose_bldg_main,0
12/19/2022 22:45,514878,multipurpose_bldg_main,0
12/19/2022 23:00,514879,multipurpose_bldg_main,0
12/20/2022 2:00,514891,multipurpose_bldg_main,0
12/20/2022 2:15,514892,multipurpose_bldg_main,0
12/20/2022 2:30,514894,multipurpose_bldg_main,0
12/20/2022 3:00,514895,multipurpose_bldg_main,0
12/20/2022 3:15,514896,multipurpose_bldg_main,0
12/20/2022 3:45,514897,multipurpose_bldg_main,0
12/20/2022 4:00,514898,multipurpose_bldg_main,0
12/20/2022 4:15,514899,multipurpose_bldg_main,0
12/20/2022 4:30,514900,multipurpose_bldg_main,0
12/20/2022 4:45,514901,multipurpose_bldg_main,0
12/20/2022 5:00,514902,multipurpose_bldg_main,0
12/20/2022 5:15,514903,multipurpose_bldg_main,0
12/20/2022 5:30,514904,multipurpose_bldg_main,0
12/20/2022 5:45,514905,multipurpose_bldg_main,0
12/20/2022 6:00,514906,multipurpose_bldg_main,0
12/20/2022 6:15,514907,multipurpose_bldg_main,0
12/20/2022 6:30,514908,multipurpose_bldg_main,0
12/20/2022 6:45,514909,multipurpose_bldg_main,0
12/20/2022 7:00,514910,multipurpose_bldg_main,0
12/20/2022 7:30,514911,multipurpose_bldg_main,0
12/20/2022 7:45,514912,multipurpose_bldg_main,0
12/20/2022 8:00,514913,multipurpose_bldg_main,0
12/20/2022 8:15,514915,multipurpose_bldg_main,0
12/20/2022 8:30,514916,multipurpose_bldg_main,0
12/20/2022 9:00,514917,multipurpose_bldg_main,0
12/20/2022 9:15,514918,multipurpose_bldg_main,0
12/20/2022 9:30,514919,multipurpose_bldg_main,0
12/20/2022 9:45,514920,multipurpose_bldg_main,0
12/20/2022 10:15,514922,multipurpose_bldg_main,0
12/20/2022 10:30,514923,multipurpose_bldg_main,0
12/20/2022 10:45,514924,multipurpose_bldg_main,0
12/20/2022 11:00,514925,multipurpose_bldg_main,0
12/20/2022 11:15,514927,multipurpose_bldg_main,0
12/20/2022 11:30,514929,multipurpose_bldg_main,0
12/20/2022 11:45,514930,multipurpose_bldg_main,0
12/20/2022 12:00,514931,multipurpose_bldg_main,0
12/20/2022 12:15,514933,multipurpose_bldg_main,0
12/20/2022 12:30,514934,multipurpose_bldg_main,0
12/20/2022 12:45,514935,multipurpose_bldg_main,0
12/20/2022 13:00,514937,multipurpose_bldg_main,0
12/20/2022 13:15,514939,multipurpose_bldg_main,0
12/20/2022 13:30,514941,multipurpose_bldg_main,0
12/20/2022 13:45,514943,multipurpose_bldg_main,0
12/20/2022 14:00,514945,multipurpose_bldg_main,0
12/20/2022 14:15,514948,multipurpose_bldg_main,0
12/20/2022 14:30,514950,multipurpose_bldg_main,0
12/20/2022 14:45,514951,multipurpose_bldg_main,0
12/20/2022 15:00,514952,multipurpose_bldg_main,0
12/20/2022 15:15,514953,multipurpose_bldg_main,0
12/20/2022 15:30,514955,multipurpose_bldg_main,0
12/20/2022 15:45,514956,multipurpose_bldg_main,0
12/20/2022 16:00,514958,multipurpose_bldg_main,0
12/20/2022 16:15,514961,multipurpose_bldg_main,0
12/20/2022 16:30,514964,multipurpose_bldg_main,0
12/20/2022 16:45,514966,multipurpose_bldg_main,0
12/20/2022 17:00,514969,multipurpose_bldg_main,0
12/20/2022 17:15,514971,multipurpose_bldg_main,0
12/20/2022 17:30,514975,multipurpose_bldg_main,0
12/20/2022 17:45,514978,multipurpose_bldg_main,0
12/20/2022 18:00,514980,multipurpose_bldg_main,0
12/20/2022 18:15,514983,multipurpose_bldg_main,0
12/20/2022 18:30,514984,multipurpose_bldg_main,0
12/20/2022 18:45,514986,multipurpose_bldg_main,0
12/20/2022 19:00,514988,multipurpose_bldg_main,0
12/20/2022 19:15,514990,multipurpose_bldg_main,0
12/20/2022 19:30,514992,multipurpose_bldg_main,0
12/20/2022 19:45,514993,multipurpose_bldg_main,0
12/20/2022 20:00,514995,multipurpose_bldg_main,0
12/20/2022 20:15,514996,multipurpose_bldg_main,0
12/20/2022 20:30,514997,multipurpose_bldg_main,0
12/20/2022 20:45,514999,multipurpose_bldg_main,0
12/20/2022 21:00,515001,multipurpose_bldg_main,0
12/20/2022 21:30,515002,multipurpose_bldg_main,0
12/20/2022 21:45,515003,multipurpose_bldg_main,0
12/20/2022 22:00,515005,multipurpose_bldg_main,0
12/20/2022 22:15,515006,multipurpose_bldg_main,0
12/20/2022 22:30,515007,multipurpose_bldg_main,0
12/20/2022 22:45,515008,multipurpose_bldg_main,0
12/20/2022 23:00,515009,multipurpose_bldg_main,0
12/20/2022 23:15,515010,multipurpose_bldg_main,0
12/20/2022 23:30,515011,multipurpose_bldg_main,0
12/20/2022 23:45,515013,multipurpose_bldg_main,0
12/21/2022 0:00,515014,multipurpose_bldg_main,0
12/21/2022 0:30,515015,multipurpose_bldg_main,0
12/21/2022 0:45,515016,multipurpose_bldg_main,0
12/21/2022 1:00,515017,multipurpose_bldg_main,0
12/21/2022 1:15,515018,multipurpose_bldg_main,0
12/21/2022 1:30,515019,multipurpose_bldg_main,0
12/21/2022 1:45,515021,multipurpose_bldg_main,0
12/21/2022 3:30,515027,multipurpose_bldg_main,0
12/21/2022 4:00,515028,multipurpose_bldg_main,0
12/21/2022 4:15,515029,multipurpose_bldg_main,0
12/21/2022 4:30,515030,multipurpose_bldg_main,0
12/21/2022 4:45,515032,multipurpose_bldg_main,0
12/21/2022 5:00,515033,multipurpose_bldg_main,0
12/21/2022 5:15,515034,multipurpose_bldg_main,0
12/21/2022 5:30,515035,multipurpose_bldg_main,0
12/21/2022 5:45,515036,multipurpose_bldg_main,0
12/21/2022 6:00,515037,multipurpose_bldg_main,0
12/21/2022 6:15,515039,multipurpose_bldg_main,0
12/21/2022 6:30,515041,multipurpose_bldg_main,0
12/21/2022 6:45,515043,multipurpose_bldg_main,0
12/21/2022 7:00,515046,multipurpose_bldg_main,0
12/21/2022 7:15,515049,multipurpose_bldg_main,0
12/21/2022 7:30,515051,multipurpose_bldg_main,0
12/21/2022 7:45,515054,multipurpose_bldg_main,0
12/21/2022 8:00,515056,multipurpose_bldg_main,0
12/21/2022 8:15,515059,multipurpose_bldg_main,0
12/21/2022 8:30,515062,multipurpose_bldg_main,0
12/21/2022 8:45,515065,multipurpose_bldg_main,0
12/21/2022 9:00,515067,multipurpose_bldg_main,0
12/21/2022 9:15,515069,multipurpose_bldg_main,0
12/21/2022 9:30,515072,multipurpose_bldg_main,0
12/21/2022 9:45,515074,multipurpose_bldg_main,0
12/21/2022 10:00,515078,multipurpose_bldg_main,0
12/21/2022 10:15,515083,multipurpose_bldg_main,0
12/21/2022 10:30,515086,multipurpose_bldg_main,0
12/21/2022 10:45,515088,multipurpose_bldg_main,0
12/21/2022 11:00,515092,multipurpose_bldg_main,0
12/21/2022 11:15,515096,multipurpose_bldg_main,0
12/21/2022 11:30,515099,multipurpose_bldg_main,0
12/21/2022 11:45,515103,multipurpose_bldg_main,0
12/21/2022 12:00,515106,multipurpose_bldg_main,0
12/21/2022 12:15,515109,multipurpose_bldg_main,0
12/21/2022 12:30,515112,multipurpose_bldg_main,0
12/21/2022 12:45,515113,multipurpose_bldg_main,0
12/21/2022 13:00,515114,multipurpose_bldg_main,0
12/21/2022 13:15,515116,multipurpose_bldg_main,0
12/21/2022 13:30,515118,multipurpose_bldg_main,0
12/21/2022 13:45,515120,multipurpose_bldg_main,0
12/21/2022 14:00,515122,multipurpose_bldg_main,0
12/21/2022 14:15,515124,multipurpose_bldg_main,0
12/21/2022 14:30,515125,multipurpose_bldg_main,0
12/21/2022 14:45,515127,multipurpose_bldg_main,0
12/21/2022 15:00,515129,multipurpose_bldg_main,0
12/21/2022 15:15,515131,multipurpose_bldg_main,0
12/21/2022 15:30,515133,multipurpose_bldg_main,0
12/21/2022 15:45,515136,multipurpose_bldg_main,0
12/21/2022 16:00,515138,multipurpose_bldg_main,0
12/21/2022 16:15,515140,multipurpose_bldg_main,0
12/21/2022 16:30,515143,multipurpose_bldg_main,0
12/21/2022 16:45,515145,multipurpose_bldg_main,0
12/21/2022 17:00,515147,multipurpose_bldg_main,0
12/21/2022 17:15,515150,multipurpose_bldg_main,0
12/21/2022 17:30,515153,multipurpose_bldg_main,0
12/21/2022 17:45,515154,multipurpose_bldg_main,0
12/21/2022 18:00,515156,multipurpose_bldg_main,0
12/21/2022 18:15,515157,multipurpose_bldg_main,0
12/21/2022 18:30,515159,multipurpose_bldg_main,0
12/21/2022 18:45,515160,multipurpose_bldg_main,0
12/21/2022 19:00,515161,multipurpose_bldg_main,0
12/21/2022 19:15,515162,multipurpose_bldg_main,0
12/21/2022 19:30,515164,multipurpose_bldg_main,0
12/21/2022 19:45,515165,multipurpose_bldg_main,0
12/21/2022 20:00,515167,multipurpose_bldg_main,0
12/21/2022 20:15,515168,multipurpose_bldg_main,0
12/21/2022 20:30,515169,multipurpose_bldg_main,0
12/21/2022 20:45,515172,multipurpose_bldg_main,0
12/21/2022 21:00,515174,multipurpose_bldg_main,0
12/21/2022 21:15,515175,multipurpose_bldg_main,0
12/21/2022 21:30,515176,multipurpose_bldg_main,0
12/21/2022 21:45,515177,multipurpose_bldg_main,0
12/21/2022 22:00,515178,multipurpose_bldg_main,0
12/21/2022 22:15,515179,multipurpose_bldg_main,0
12/21/2022 22:30,515180,multipurpose_bldg_main,0
12/21/2022 22:45,515181,multipurpose_bldg_main,0
12/21/2022 23:00,515182,multipurpose_bldg_main,0
12/21/2022 23:15,515184,multipurpose_bldg_main,0
12/21/2022 23:30,515185,multipurpose_bldg_main,0
12/21/2022 23:45,515186,multipurpose_bldg_main,0
12/22/2022 0:00,515187,multipurpose_bldg_main,0
12/22/2022 0:15,515189,multipurpose_bldg_main,0
12/22/2022 0:30,515190,multipurpose_bldg_main,0
12/22/2022 0:45,515191,multipurpose_bldg_main,0
12/22/2022 1:15,515192,multipurpose_bldg_main,0
12/22/2022 1:30,515194,multipurpose_bldg_main,0
12/22/2022 1:45,515195,multipurpose_bldg_main,0
12/22/2022 2:00,515196,multipurpose_bldg_main,0
12/22/2022 2:15,515197,multipurpose_bldg_main,0
12/22/2022 2:30,515198,multipurpose_bldg_main,0
12/22/2022 2:45,515199,multipurpose_bldg_main,0
12/22/2022 3:00,515201,multipurpose_bldg_main,0
12/22/2022 3:15,515202,multipurpose_bldg_main,0
12/22/2022 3:45,515203,multipurpose_bldg_main,0
12/22/2022 4:00,515205,multipurpose_bldg_main,0
12/22/2022 4:15,515206,multipurpose_bldg_main,0
12/22/2022 6:15,515213,multipurpose_bldg_main,0
12/22/2022 6:30,515214,multipurpose_bldg_main,0
12/22/2022 6:45,515216,multipurpose_bldg_main,0
12/22/2022 7:00,515218,multipurpose_bldg_main,0
12/22/2022 7:15,515219,multipurpose_bldg_main,0
12/22/2022 7:30,515220,multipurpose_bldg_main,0
12/22/2022 7:45,515221,multipurpose_bldg_main,0
12/22/2022 8:00,515222,multipurpose_bldg_main,0
12/22/2022 8:15,515223,multipurpose_bldg_main,0
12/22/2022 8:30,515225,multipurpose_bldg_main,0
12/22/2022 8:45,515226,multipurpose_bldg_main,0
12/22/2022 9:00,515227,multipurpose_bldg_main,0
12/22/2022 9:15,515228,multipurpose_bldg_main,0
12/22/2022 9:30,515230,multipurpose_bldg_main,0
12/22/2022 9:45,515232,multipurpose_bldg_main,0
12/22/2022 10:00,515233,multipurpose_bldg_main,0
12/22/2022 10:15,515234,multipurpose_bldg_main,0
12/22/2022 10:30,515235,multipurpose_bldg_main,0
12/22/2022 10:45,515236,multipurpose_bldg_main,0
12/22/2022 11:00,515238,multipurpose_bldg_main,0
12/22/2022 11:15,515239,multipurpose_bldg_main,0
12/22/2022 11:30,515241,multipurpose_bldg_main,0
12/22/2022 11:45,515242,multipurpose_bldg_main,0
12/22/2022 12:00,515243,multipurpose_bldg_main,0
12/22/2022 12:15,515245,multipurpose_bldg_main,0
12/22/2022 12:30,515247,multipurpose_bldg_main,0
12/22/2022 12:45,515249,multipurpose_bldg_main,0
12/22/2022 13:00,515250,multipurpose_bldg_main,0
12/22/2022 13:15,515251,multipurpose_bldg_main,0
12/22/2022 13:30,515253,multipurpose_bldg_main,0
12/22/2022 13:45,515255,multipurpose_bldg_main,0
12/22/2022 14:00,515256,multipurpose_bldg_main,0
12/22/2022 14:15,515258,multipurpose_bldg_main,0
12/22/2022 14:30,515259,multipurpose_bldg_main,0
12/22/2022 14:45,515261,multipurpose_bldg_main,0
12/22/2022 15:00,515262,multipurpose_bldg_main,0
12/22/2022 15:15,515264,multipurpose_bldg_main,0
12/22/2022 15:30,515267,multipurpose_bldg_main,0
12/22/2022 15:45,515269,multipurpose_bldg_main,0
12/22/2022 16:00,515272,multipurpose_bldg_main,0
12/22/2022 16:15,515274,multipurpose_bldg_main,0
12/22/2022 16:30,515276,multipurpose_bldg_main,0
12/22/2022 16:45,515277,multipurpose_bldg_main,0
12/22/2022 17:00,515279,multipurpose_bldg_main,0
12/22/2022 17:15,515281,multipurpose_bldg_main,0
12/22/2022 17:45,515282,multipurpose_bldg_main,0
12/22/2022 18:00,515285,multipurpose_bldg_main,0
12/22/2022 18:15,515287,multipurpose_bldg_main,0
12/22/2022 18:30,515289,multipurpose_bldg_main,0
12/22/2022 18:45,515291,multipurpose_bldg_main,0
12/22/2022 19:00,515292,multipurpose_bldg_main,0
12/22/2022 19:15,515295,multipurpose_bldg_main,0
12/22/2022 19:30,515297,multipurpose_bldg_main,0
12/22/2022 19:45,515298,multipurpose_bldg_main,0
12/22/2022 20:00,515299,multipurpose_bldg_main,0
12/22/2022 20:15,515300,multipurpose_bldg_main,0
12/22/2022 20:30,515302,multipurpose_bldg_main,0
12/22/2022 20:45,515303,multipurpose_bldg_main,0
12/22/2022 21:00,515304,multipurpose_bldg_main,0
12/22/2022 21:15,515306,multipurpose_bldg_main,0
12/22/2022 21:30,515309,multipurpose_bldg_main,0
12/22/2022 21:45,515311,multipurpose_bldg_main,0
12/22/2022 22:00,515313,multipurpose_bldg_main,0
12/22/2022 22:15,515314,multipurpose_bldg_main,0
12/22/2022 22:30,515315,multipurpose_bldg_main,0
12/22/2022 22:45,515316,multipurpose_bldg_main,0
12/22/2022 23:15,515318,multipurpose_bldg_main,0
12/22/2022 23:30,515319,multipurpose_bldg_main,0
12/22/2022 23:45,515320,multipurpose_bldg_main,0
12/23/2022 0:15,515322,multipurpose_bldg_main,0
12/23/2022 0:30,515323,multipurpose_bldg_main,0
12/23/2022 0:45,515324,multipurpose_bldg_main,0
12/23/2022 1:00,515325,multipurpose_bldg_main,0
12/23/2022 1:15,515327,multipurpose_bldg_main,0
12/23/2022 1:30,515328,multipurpose_bldg_main,0
12/23/2022 1:45,515329,multipurpose_bldg_main,0
12/23/2022 2:15,515330,multipurpose_bldg_main,0
12/23/2022 2:30,515332,multipurpose_bldg_main,0
12/23/2022 3:00,515333,multipurpose_bldg_main,0
12/23/2022 3:15,515334,multipurpose_bldg_main,0
12/23/2022 3:30,515335,multipurpose_bldg_main,0
12/23/2022 3:45,515336,multipurpose_bldg_main,0
12/23/2022 4:00,515337,multipurpose_bldg_main,0
12/23/2022 4:15,515338,multipurpose_bldg_main,0
12/23/2022 4:30,515339,multipurpose_bldg_main,0
12/23/2022 4:45,515340,multipurpose_bldg_main,0
12/23/2022 5:00,515341,multipurpose_bldg_main,0
12/23/2022 5:15,515343,multipurpose_bldg_main,0
12/23/2022 5:45,515344,multipurpose_bldg_main,0
12/23/2022 6:00,515345,multipurpose_bldg_main,0
12/23/2022 6:15,515346,multipurpose_bldg_main,0
12/23/2022 6:30,515347,multipurpose_bldg_main,0
12/23/2022 6:45,515348,multipurpose_bldg_main,0
12/23/2022 7:00,515350,multipurpose_bldg_main,0
12/23/2022 7:15,515351,multipurpose_bldg_main,0
12/23/2022 10:15,515363,multipurpose_bldg_main,0
12/23/2022 10:45,515365,multipurpose_bldg_main,0
12/23/2022 11:00,515366,multipurpose_bldg_main,0
12/23/2022 11:15,515367,multipurpose_bldg_main,0
12/23/2022 11:30,515368,multipurpose_bldg_main,0
12/23/2022 11:45,515370,multipurpose_bldg_main,0
12/23/2022 12:00,515372,multipurpose_bldg_main,0
12/23/2022 12:15,515374,multipurpose_bldg_main,0
12/23/2022 12:30,515375,multipurpose_bldg_main,0
12/23/2022 12:45,515377,multipurpose_bldg_main,0
12/23/2022 13:00,515379,multipurpose_bldg_main,0
12/23/2022 13:15,515380,multipurpose_bldg_main,0
12/23/2022 13:30,515381,multipurpose_bldg_main,0
12/23/2022 13:45,515383,multipurpose_bldg_main,0
12/23/2022 14:00,515384,multipurpose_bldg_main,0
12/23/2022 14:15,515387,multipurpose_bldg_main,0
12/23/2022 14:30,515388,multipurpose_bldg_main,0
12/23/2022 14:45,515389,multipurpose_bldg_main,0
12/23/2022 15:00,515392,multipurpose_bldg_main,0
12/23/2022 15:15,515395,multipurpose_bldg_main,0
12/23/2022 15:30,515396,multipurpose_bldg_main,0
12/23/2022 15:45,515398,multipurpose_bldg_main,0
12/23/2022 16:00,515400,multipurpose_bldg_main,0
12/23/2022 16:15,515402,multipurpose_bldg_main,0
12/23/2022 16:30,515404,multipurpose_bldg_main,0
12/23/2022 16:45,515406,multipurpose_bldg_main,0
12/23/2022 17:00,515407,multipurpose_bldg_main,0
12/23/2022 17:15,515408,multipurpose_bldg_main,0
12/23/2022 17:30,515409,multipurpose_bldg_main,0
12/23/2022 17:45,515411,multipurpose_bldg_main,0
12/23/2022 18:00,515413,multipurpose_bldg_main,0
12/23/2022 18:15,515414,multipurpose_bldg_main,0
12/23/2022 18:30,515416,multipurpose_bldg_main,0
12/23/2022 18:45,515417,multipurpose_bldg_main,0
12/23/2022 19:00,515419,multipurpose_bldg_main,0
12/23/2022 19:15,515420,multipurpose_bldg_main,0
12/23/2022 19:30,515421,multipurpose_bldg_main,0
12/23/2022 19:45,515423,multipurpose_bldg_main,0
12/23/2022 20:00,515424,multipurpose_bldg_main,0
12/23/2022 20:15,515425,multipurpose_bldg_main,0
12/23/2022 20:30,515426,multipurpose_bldg_main,0
12/23/2022 20:45,515427,multipurpose_bldg_main,0
12/23/2022 21:00,515429,multipurpose_bldg_main,0
12/23/2022 21:15,515431,multipurpose_bldg_main,0
12/23/2022 21:30,515432,multipurpose_bldg_main,0
12/23/2022 21:45,515433,multipurpose_bldg_main,0
12/23/2022 22:00,515434,multipurpose_bldg_main,0
12/23/2022 22:15,515436,multipurpose_bldg_main,0
12/23/2022 22:45,515437,multipurpose_bldg_main,0
12/23/2022 23:00,515438,multipurpose_bldg_main,0
12/23/2022 23:15,515439,multipurpose_bldg_main,0
12/23/2022 23:30,515440,multipurpose_bldg_main,0
12/23/2022 23:45,515441,multipurpose_bldg_main,0
12/24/2022 0:00,515442,multipurpose_bldg_main,0
12/24/2022 0:15,515444,multipurpose_bldg_main,0
12/24/2022 0:30,515445,multipurpose_bldg_main,0
12/24/2022 0:45,515447,multipurpose_bldg_main,0
12/24/2022 1:15,515448,multipurpose_bldg_main,0
12/24/2022 1:30,515449,multipurpose_bldg_main,0
12/24/2022 2:00,515451,multipurpose_bldg_main,0
12/24/2022 2:15,515452,multipurpose_bldg_main,0
12/24/2022 2:30,515453,multipurpose_bldg_main,0
12/24/2022 2:45,515454,multipurpose_bldg_main,0
12/24/2022 3:00,515455,multipurpose_bldg_main,0
12/24/2022 3:15,515456,multipurpose_bldg_main,0
12/24/2022 3:30,515457,multipurpose_bldg_main,0
12/24/2022 3:45,515458,multipurpose_bldg_main,0
12/24/2022 4:00,515460,multipurpose_bldg_main,0
12/24/2022 4:15,515461,multipurpose_bldg_main,0
12/24/2022 4:45,515462,multipurpose_bldg_main,0
12/24/2022 5:00,515463,multipurpose_bldg_main,0
12/24/2022 5:15,515464,multipurpose_bldg_main,0
12/24/2022 5:45,515466,multipurpose_bldg_main,0
12/24/2022 6:00,515467,multipurpose_bldg_main,0
12/24/2022 6:15,515468,multipurpose_bldg_main,0
12/24/2022 6:30,515469,multipurpose_bldg_main,0
12/24/2022 6:45,515471,multipurpose_bldg_main,0
12/24/2022 7:00,515473,multipurpose_bldg_main,0
12/24/2022 7:30,515475,multipurpose_bldg_main,0
12/24/2022 7:45,515476,multipurpose_bldg_main,0
12/24/2022 8:00,515478,multipurpose_bldg_main,0
12/24/2022 8:15,515479,multipurpose_bldg_main,0
12/24/2022 8:45,515480,multipurpose_bldg_main,0
12/24/2022 9:00,515481,multipurpose_bldg_main,0
12/24/2022 9:15,515482,multipurpose_bldg_main,0
12/24/2022 9:30,515484,multipurpose_bldg_main,0
12/24/2022 9:45,515485,multipurpose_bldg_main,0
12/24/2022 10:00,515486,multipurpose_bldg_main,0
12/24/2022 11:30,515493,multipurpose_bldg_main,0
12/24/2022 11:45,515494,multipurpose_bldg_main,0
12/24/2022 12:00,515496,multipurpose_bldg_main,0
12/24/2022 12:30,515497,multipurpose_bldg_main,0
12/24/2022 12:45,515499,multipurpose_bldg_main,0
12/24/2022 13:00,515501,multipurpose_bldg_main,0
12/24/2022 13:15,515503,multipurpose_bldg_main,0
12/24/2022 13:30,515504,multipurpose_bldg_main,0
12/24/2022 13:45,515505,multipurpose_bldg_main,0
12/24/2022 14:00,515506,multipurpose_bldg_main,0
12/24/2022 14:15,515509,multipurpose_bldg_main,0
12/24/2022 14:30,515511,multipurpose_bldg_main,0
12/24/2022 14:45,515512,multipurpose_bldg_main,0
12/24/2022 15:00,515515,multipurpose_bldg_main,0
12/24/2022 15:15,515517,multipurpose_bldg_main,0
12/24/2022 15:30,515520,multipurpose_bldg_main,0
12/24/2022 15:45,515522,multipurpose_bldg_main,0
12/24/2022 16:00,515525,multipurpose_bldg_main,0
12/24/2022 16:15,515527,multipurpose_bldg_main,0
12/24/2022 16:30,515528,multipurpose_bldg_main,0
12/24/2022 16:45,515529,multipurpose_bldg_main,0
12/24/2022 17:00,515531,multipurpose_bldg_main,0
12/24/2022 17:15,515533,multipurpose_bldg_main,0
12/24/2022 17:30,515535,multipurpose_bldg_main,0
12/24/2022 17:45,515536,multipurpose_bldg_main,0
12/24/2022 18:00,515537,multipurpose_bldg_main,0
12/24/2022 18:15,515539,multipurpose_bldg_main,0
12/24/2022 18:30,515540,multipurpose_bldg_main,0
12/24/2022 18:45,515542,multipurpose_bldg_main,0
12/24/2022 19:00,515543,multipurpose_bldg_main,0
12/24/2022 19:15,515544,multipurpose_bldg_main,0
12/24/2022 19:30,515546,multipurpose_bldg_main,0
12/24/2022 19:45,515548,multipurpose_bldg_main,0
12/24/2022 20:00,515549,multipurpose_bldg_main,0
12/24/2022 20:15,515551,multipurpose_bldg_main,0
12/24/2022 20:30,515553,multipurpose_bldg_main,0
12/24/2022 20:45,515554,multipurpose_bldg_main,0
12/24/2022 21:00,515556,multipurpose_bldg_main,0
12/24/2022 21:15,515557,multipurpose_bldg_main,0
12/24/2022 21:30,515559,multipurpose_bldg_main,0
12/24/2022 21:45,515560,multipurpose_bldg_main,0
12/24/2022 22:00,515561,multipurpose_bldg_main,0
12/24/2022 22:15,515562,multipurpose_bldg_main,0
12/24/2022 22:30,515563,multipurpose_bldg_main,0
12/24/2022 22:45,515564,multipurpose_bldg_main,0
12/24/2022 23:00,515565,multipurpose_bldg_main,0
12/24/2022 23:15,515566,multipurpose_bldg_main,0
12/24/2022 23:30,515567,multipurpose_bldg_main,0
12/24/2022 23:45,515569,multipurpose_bldg_main,0
12/25/2022 0:00,515571,multipurpose_bldg_main,0
12/25/2022 0:15,515572,multipurpose_bldg_main,0
12/25/2022 0:30,515573,multipurpose_bldg_main,0
12/25/2022 0:45,515574,multipurpose_bldg_main,0
12/25/2022 1:00,515575,multipurpose_bldg_main,0
12/25/2022 1:15,515576,multipurpose_bldg_main,0
12/25/2022 1:30,515577,multipurpose_bldg_main,0
12/25/2022 1:45,515578,multipurpose_bldg_main,0
12/25/2022 2:00,515579,multipurpose_bldg_main,0
12/25/2022 2:15,515580,multipurpose_bldg_main,0
12/25/2022 2:30,515581,multipurpose_bldg_main,0
12/25/2022 2:45,515582,multipurpose_bldg_main,0
12/25/2022 3:00,515584,multipurpose_bldg_main,0
12/25/2022 3:30,515586,multipurpose_bldg_main,0
12/25/2022 3:45,515587,multipurpose_bldg_main,0
12/25/2022 4:00,515588,multipurpose_bldg_main,0
12/25/2022 4:15,515589,multipurpose_bldg_main,0
12/25/2022 4:30,515590,multipurpose_bldg_main,0
12/25/2022 5:00,515591,multipurpose_bldg_main,0
12/25/2022 5:15,515593,multipurpose_bldg_main,0
12/25/2022 5:30,515594,multipurpose_bldg_main,0
12/25/2022 5:45,515595,multipurpose_bldg_main,0
12/25/2022 6:00,515596,multipurpose_bldg_main,0
12/25/2022 6:15,515597,multipurpose_bldg_main,0
12/25/2022 6:30,515599,multipurpose_bldg_main,0
12/25/2022 6:45,515600,multipurpose_bldg_main,0
12/25/2022 7:00,515602,multipurpose_bldg_main,0
12/25/2022 7:30,515604,multipurpose_bldg_main,0
12/25/2022 7:45,515606,multipurpose_bldg_main,0
12/25/2022 8:00,515607,multipurpose_bldg_main,0
